id_dokter,nama_dokter
2002,Gaman Rahayu
2003,Luthfi Setiawan
2004,Lala Sirait
2005,Lukita Maryati
2006,Tirta Hidayanto
2007,Estiawan Namaga
2008,Kawaca Sihombing
2009,Cengkir Suartini
2010,Vivi Hidayat
2011,Saka Mangunsong
2012,Ikhsan Mardhiyah
2013,Sari Budiyanto
2014,Winda Najmudin
2015,Jayeng Pratama
2016,Anom Riyanti
2017,Maman Natsir
2018,Jasmani Narpati
2019,Tania Ramadan
2020,Nadine Marpaung
2021,Aris Palastri
2022,Manah Gunarto
2023,Cawuk Wijaya
2024,Asirwanda Wijayanti
